Location_ID,Title,Category,Audience,Address,City,State,Zip_Code,Geopoint,Services,Open_Days,Open_Hours,Handicapped_Accessible,Onsite_Parking,Metadata_Tags
LOC_SJ_01,Collingswood Main Branch,Location,All,678 Haddon Ave,Collingswood,NJ,08108,"39.9168, -75.0712","Notary, Mortgage Specialist, Safe Deposit","Mon-Sat","M-F: 09:00-17:00; Thu: 09:00-20:00; Sat: 09:00-13:00",True,Dedicated Lot,"South Jersey, Haddon Ave, Full Service"
LOC_SJ_02,Westmont Station Hub,Location,All,123 Haddon Ave,Westmont,NJ,08108,"39.9085, -75.0562","24/7 ATM, Notary, Wealth Management","Mon-Fri","M-F: 08:30-17:00",True,Onsite,"PATCO, Westmont, Transit Hub"
LOC_SJ_03,Haddonfield Kings Court,Location,All,2 Kings Ct,Haddonfield,NJ,08033,"39.8954, -75.0344","Wealth Management, Medallion Signature","Mon-Sat","M-F: 09:00-17:00; Sat: 09:00-12:00",True,Street Parking,"Historic, Haddonfield, High Net Worth"
LOC_SJ_04,Cherry Hill Mall Center,Location,All,820 Mercer St,Cherry Hill,NJ,08002,"39.9046, -74.9970","Mortgage Specialist, 24/7 ATM, Small Business","Mon-Sun","M-F: 09:00-18:00; Sat: 09:00-15:00; Sun: 11:00-14:00",True,Large Lot,"Retail Hub, Sunday Hours"
LOC_SJ_05,Moorestown Main Street,Location,All,111 W Main St,Moorestown,NJ,08057,"39.9787, -74.9426","Notary, Mortgage Specialist","Mon-Fri","M-F: 09:00-17:00; Thu: 09:00-19:00",True,Dedicated Lot,"Main St, Corporate"
LOC_SJ_06,Voorhees Town Center,Location,All,2400 Voorhees Town Center,Voorhees,NJ,08043,"39.8458, -74.9961","Commercial Banking, Notary","Mon-Fri","M-F: 09:00-17:00",True,Onsite,"Town Center, Regional"
LOC_SJ_07,Haddon Heights Station,Location,All,600 Station Ave,Haddon Heights,NJ,08035,"39.8824, -75.0631","Notary, Mortgage","Mon-Fri","M-F: 09:00-17:00",True,Street Parking,"Station Ave, Local"
LOC_SJ_08,Audubon Black Horse Pike,Location,All,130 Black Horse Pike,Audubon,NJ,08106,"39.8913, -75.0741","24/7 ATM, Notary","Mon-Sat","M-F: 09:00-17:00; Sat: 09:00-12:00",True,Onsite,"Transit Corridor"
LOC_SJ_09,Marlton Gateway,Location,All,101 S Route 73,Marlton,NJ,08053,"39.8912, -74.9205","Medallion Signature, Wealth","Mon-Sat","M-F: 08:30-18:00; Sat: 09:00-13:00",True,Large Lot,"Route 73, Executive"
LOC_SJ_10,Mount Laurel Horizon,Location,All,100 Century Pkwy,Mt Laurel,NJ,08054,"39.9340, -74.9123","Commercial, Notary","Mon-Fri","M-F: 08:00-17:00",True,Dedicated Lot,"Corporate Park"
LOC_SJ_11,Medford Village Main,Location,All,10 N Main St,Medford,NJ,08055,"39.8937, -74.8219","Mortgage Specialist, Notary","Mon-Fri","M-F: 09:00-17:00",True,Onsite,"Medford Village"
LOC_SJ_12,Oaklyn White Horse Pike,Location,All,1101 White Horse Pike,Oaklyn,NJ,08107,"39.9015, -75.0845","ATM, Notary","Mon-Fri","M-F: 09:00-17:00",True,Onsite,"White Horse Pike"
LOC_SJ_13,Merchantville Center,Location,All,10 E Maple Ave,Merchantville,NJ,08109,"39.9515, -75.0482","Notary, Safe Deposit","Mon-Fri","M-F: 09:00-17:00",True,Street Parking,"Historic Downtown"
LOC_SJ_14,Barrington Hub,Location,All,201 Clements Bridge Rd,Barrington,NJ,08007,"39.8715, -75.0514","24/7 ATM, Mortgage","Mon-Fri","M-F: 09:00-17:00",True,Onsite,"Clements Bridge"
LOC_SJ_15,Bellmawr Parkway,Location,All,21 E Browning Rd,Bellmawr,NJ,08031,"39.8665, -75.0862","Notary, Commercial","Mon-Fri","M-F: 09:00-17:00; Thu: 09:00-19:00",True,Onsite,"Browning Rd"
LOC_SJ_16,Gloucester City Waterfront,Location,All,2 S King St,Gloucester City,NJ,08030,"39.8926, -75.1224","Notary, Small Business","Mon-Fri","M-F: 09:00-17:00",True,Onsite,"Waterfront, Port"
LOC_SJ_17,Woodbury Broad St,Location,All,2 N Broad St,Woodbury,NJ,08096,"39.8385, -75.1528","Wealth, Medallion","Mon-Fri","M-F: 09:00-17:00; Thu: 09:00-20:00",True,Onsite,"County Seat"
LOC_SJ_18,Deptford Mall Branch,Location,All,1750 Deptford Center Rd,Deptford,NJ,08096,"39.8273, -75.0935","Sunday Banking, Notary","Mon-Sun","M-F: 10:00-19:00; Sat: 10:00-16:00; Sun: 11:00-15:00",True,Large Lot,"Retail Hub"
LOC_SJ_19,Glassboro Town Square,Location,All,1 High St W,Glassboro,NJ,08028,"39.7029, -75.1118","Student Banking, Notary","Mon-Fri","M-F: 08:30-17:00",True,Onsite,"Rowan University"
LOC_SJ_20,Pitman Broadway Center,Location,All,1 S Broadway,Pitman,NJ,08071,"39.7329, -75.1316","Notary, Small Business","Mon-Fri","M-F: 09:00-17:00",True,Street Parking,"Broadway"
LOC_SJ_21,Blackwood Hub,Location,All,100 S Black Horse Pike,Blackwood,NJ,08012,"39.7998, -75.0645","ATM, Mortgage","Mon-Fri","M-F: 09:00-17:00",True,Onsite,"Black Horse Pike"
LOC_SJ_22,Sicklerville Plaza,Location,All,600 Cross Keys Rd,Sicklerville,NJ,08081,"39.7188, -74.9942","Full Service, Notary","Mon-Sat","M-F: 09:00-17:00; Sat: 09:00-12:00",True,Large Lot,"Cross Keys"
LOC_SJ_23,Williamstown Center,Location,All,100 S Main St,Williamstown,NJ,08094,"39.6865, -74.9924","Notary, Commercial","Mon-Fri","M-F: 09:00-17:00",True,Onsite,"Monroe Twp"
LOC_SJ_24,Hammonton Downtown,Location,All,101 Bellevue Ave,Hammonton,NJ,08037,"39.6358, -74.8025","Notary, Safe Deposit","Mon-Fri","M-F: 09:00-17:00; Thu: 09:00-19:00",True,Street Parking,"Blueberry Capital"
LOC_SJ_25,Cinnaminson Route 130,Location,All,1200 Route 130 N,Cinnaminson,NJ,08077,"40.0012, -75.0045","24/7 ATM, Wealth","Mon-Sat","M-F: 09:00-17:00; Sat: 09:00-13:00",True,Onsite,"Route 130"
LOC_SJ_26,Riverton Historic,Location,All,600 Main St,Riverton,NJ,08077,"40.0125, -75.0145","Notary, Mortgage","Mon-Fri","M-F: 09:00-17:00",True,Street Parking,"Riverfront"
LOC_SJ_27,Palmyra Hub,Location,All,1 W Broad St,Palmyra,NJ,08065,"40.0028, -75.0312","ATM, Notary","Mon-Fri","M-F: 09:00-17:00",True,Onsite,"Broad St"
LOC_SJ_28,Maple Shade Main,Location,All,2 E Main St,Maple Shade,NJ,08052,"39.9512, -74.9985","Notary, Safe Deposit","Mon-Fri","M-F: 09:00-17:00; Thu: 09:00-20:00",True,Onsite,"Main St"
LOC_SJ_29,Swedesboro Center,Location,All,101 Kings Hwy,Swedesboro,NJ,08085,"39.7495, -75.3112","Notary, Commercial","Mon-Fri","M-F: 09:00-17:00",True,Onsite,"Kings Hwy"
LOC_SJ_30,Mullica Hill Historic,Location,All,40 N Main St,Mullica Hill,NJ,08062,"39.7385, -75.2245","Wealth Management, Notary","Mon-Fri","M-F: 09:00-17:00",True,Street Parking,"Harrison Twp"
LOC_AL_01,Birmingham Financial Center,Location,All,1900 1st Ave N,Birmingham,AL,35203,"33.5186, -86.8104","Full Service, Wealth Management","Mon-Fri","M-F: 09:00-17:00",True,Onsite,"Alabama, Metro Hub"
LOC_AL_02,Montgomery Capitol Hub,Location,All,1 Commerce St,Montgomery,AL,36104,"32.3792, -86.3077","Notary, 24/7 ATM","Mon-Sat","M-F: 08:30-16:30; Sat: 09:00-12:00",True,Street Parking,"Alabama, Capitol"
LOC_AK_01,Anchorage Downtown,Location,All,510 L St,Anchorage,AK,99501,"61.2181, -149.9003","Notary, Mortgage Specialist","Mon-Fri","M-F: 10:00-18:00",True,Onsite,"Alaska, Coastal"
LOC_AK_02,Fairbanks North,Location,All,101 Cushman St,Fairbanks,AK,99701,"64.8401, -147.7200","Full Service, Medallion Signature","Mon-Fri","M-F: 09:00-17:00",True,Onsite,"Alaska, Interior"
LOC_AZ_01,Phoenix Plaza,Location,All,2 N Central Ave,Phoenix,AZ,85004,"33.4484, -112.0740","Commercial Banking, Notary","Mon-Fri","M-F: 09:00-17:00; Thu: 09:00-19:00",True,Dedicated Lot,"Arizona, Southwest"
LOC_AZ_02,Tucson Congress St,Location,All,150 W Congress St,Tucson,AZ,85701,"32.2217, -110.9701","Notary, 24/7 ATM","Mon-Sat","M-F: 09:00-17:00; Sat: 09:00-13:00",True,Onsite,"Arizona, Southern"
LOC_AR_01,Little Rock Capital,Location,All,400 W Capitol Ave,Little Rock,AR,72201,"34.7465, -92.2743","Full Service, Wealth","Mon-Fri","M-F: 09:00-17:00",True,Onsite,"Arkansas, Capitol"
LOC_AR_02,Fayetteville Hub,Location,All,1 E Center St,Fayetteville,AR,72701,"36.0626, -94.1603","Notary, Small Business","Mon-Fri","M-F: 08:30-17:30",True,Street Parking,"Arkansas, Northwest"
LOC_CA_01,Sacramento Downtown,Location,All,915 L St,Sacramento,CA,95814,"38.5775, -121.4930","Commercial, Notary","Mon-Fri","M-F: 09:00-17:00",True,Onsite,"California, Capital"
LOC_CA_02,LA Financial District,Location,All,601 S Figueroa St,Los Angeles,CA,90017,"34.0494, -118.2591","Wealth, Medallion, Notary","Mon-Sun","M-F: 08:00-18:00; Sat: 09:00-15:00; Sun: 10:00-14:00",True,Validated Parking,"California, Major Metro"
LOC_CO_01,Denver 17th St,Location,All,1700 Lincoln St,Denver,CO,80203,"39.7444, -104.9861","Full Service, Safe Deposit","Mon-Fri","M-F: 09:00-17:00; Thu: 09:00-19:00",True,Onsite,"Colorado, Mile High"
LOC_CO_02,Aspen Village,Location,All,400 E Main St,Aspen,CO,81611,"39.1911, -106.8175","Private Banking, Wealth","Mon-Fri","M-F: 09:00-16:00",True,Onsite,"Colorado, Resort"
LOC_CT_01,Hartford Main St,Location,All,777 Main St,Hartford,CT,06103,"41.7658, -72.6734","Notary, Mortgage","Mon-Fri","M-F: 09:00-17:00",True,Onsite,"Connecticut, Capital"
LOC_CT_02,Stamford Center,Location,All,300 Atlantic St,Stamford,CT,06901,"41.0534, -73.5389","Commercial, Wealth","Mon-Sat","M-F: 08:30-17:30; Sat: 09:00-12:00",True,Onsite,"Connecticut, Metro"
LOC_DE_01,Wilmington Hub,Location,All,1100 N Market St,Wilmington,DE,19801,"39.7447, -75.5484","Full Service, Medallion","Mon-Fri","M-F: 08:30-17:00",True,Onsite,"Delaware, Corporate"
LOC_DE_02,Dover Capitol,Location,All,101 Federal St,Dover,DE,19901,"39.1582, -75.5244","Notary, 24/7 ATM","Mon-Sat","M-F: 09:00-17:00; Sat: 09:00-13:00",True,Onsite,"Delaware, Capitol"
LOC_FL_01,Tallahassee Center,Location,All,215 S Monroe St,Tallahassee,FL,32301,"30.4382, -84.2807","Full Service, Notary","Mon-Fri","M-F: 09:00-17:00",True,Onsite,"Florida, Capital"
LOC_FL_02,Miami Brickell,Location,All,701 Brickell Ave,Miami,FL,33131,"25.7677, -80.1906","Private Banking, International Wealth","Mon-Sat","M-F: 08:30-18:00; Sat: 09:00-14:00",True,Valet Parking,"Florida, Financial District"
LOC_GA_01,Atlanta Peachtree,Location,All,133 Peachtree St NE,Atlanta,GA,30303,"33.7578, -84.3877","Commercial, Wealth","Mon-Fri","M-F: 09:00-17:00; Thu: 09:00-20:00",True,Onsite,"Georgia, Capital"
LOC_GA_02,Savannah Historic,Location,All,300 Bull St,Savannah,GA,31401,"32.0762, -81.0931","Notary, Safe Deposit","Mon-Fri","M-F: 09:00-17:00",True,Street Parking,"Georgia, Coastal"
LOC_HI_01,Honolulu Downtown,Location,All,1000 Bishop St,Honolulu,HI,96813,"21.3089, -157.8606","Full Service, Notary","Mon-Fri","M-F: 08:30-16:00",True,Onsite,"Hawaii, Capital"
LOC_HI_02,Hilo Bay Hub,Location,All,101 Aupuni St,Hilo,HI,96720,"19.7226, -155.0844","Notary, ATM","Mon-Fri","M-F: 09:00-17:00",True,Onsite,"Hawaii, Island"
LOC_ID_01,Boise Capitol St,Location,All,700 W Idaho St,Boise,ID,83702,"43.6155, -116.2023","Full Service, Mortgage","Mon-Fri","M-F: 09:00-17:00",True,Onsite,"Idaho, Capital"
LOC_ID_02,Idaho Falls Center,Location,All,400 Park Ave,Idaho Falls,ID,83402,"43.4917, -112.0411","Notary, ATM","Mon-Sat","M-F: 09:00-17:00; Sat: 09:00-12:00",True,Onsite,"Idaho, Eastern"
LOC_IL_01,Chicago LaSalle,Location,All,190 S LaSalle St,Chicago,IL,60603,"41.8796, -87.6324","Wealth Management, Commercial","Mon-Fri","M-F: 08:30-18:00",True,Onsite,"Illinois, Financial"
LOC_IL_02,Springfield Hub,Location,All,1 Old State Capitol Plaza,Springfield,IL,62701,"39.8011, -89.6483","Notary, 24/7 ATM","Mon-Fri","M-F: 09:00-17:00",True,Onsite,"Illinois, Capital"
LOC_IN_01,Indianapolis Monument,Location,All,1 Monument Cir,Indianapolis,IN,46204,"39.7684, -86.1581","Full Service, Notary","Mon-Fri","M-F: 09:00-17:00; Thu: 09:00-19:00",True,Onsite,"Indiana, Capital"
LOC_IN_02,South Bend Center,Location,All,202 S Michigan St,South Bend,IN,46601,"41.6764, -86.2502","Notary, Mortgage","Mon-Fri","M-F: 09:00-17:00",True,Onsite,"Indiana, Northern"
LOC_IA_01,Des Moines Locust,Location,All,801 Locust St,Des Moines,IA,50309,"41.5861, -93.6297","Full Service, Safe Deposit","Mon-Fri","M-F: 08:30-17:00",True,Onsite,"Iowa, Capital"
LOC_IA_02,Cedar Rapids Hub,Location,All,201 1st St SE,Cedar Rapids,IA,52401,"41.9779, -91.6682","Notary, ATM","Mon-Sat","M-F: 09:00-17:00; Sat: 09:00-12:00",True,Onsite,"Iowa, Eastern"
LOC_KS_01,Topeka Capitol,Location,All,700 S Kansas Ave,Topeka,KS,66603,"39.0473, -95.6752","Full Service, Notary","Mon-Fri","M-F: 09:00-17:00",True,Onsite,"Kansas, Capital"
LOC_KS_02,Wichita Douglas,Location,All,100 N Main St,Wichita,KS,67202,"37.6872, -97.3375","Commercial, Notary","Mon-Fri","M-F: 09:00-17:30",True,Onsite,"Kansas, Metro"
LOC_KY_01,Frankfort Main,Location,All,300 W Main St,Frankfort,KY,40601,"38.1973, -84.8753","Full Service, Notary","Mon-Fri","M-F: 09:00-17:00",True,Onsite,"Kentucky, Capital"
LOC_KY_02,Louisville 4th St,Location,All,400 S 4th St,Louisville,KY,40202,"38.2527, -85.7585","Wealth Management, Commercial","Mon-Sat","M-F: 08:30-18:00; Sat: 09:00-13:00",True,Onsite,"Kentucky, Metro"
LOC_LA_01,Baton Rouge Hub,Location,All,450 Laurel St,Baton Rouge,LA,70801,"30.4508, -91.1871","Full Service, Mortgage","Mon-Fri","M-F: 09:00-17:00",True,Onsite,"Louisiana, Capital"
LOC_LA_02,New Orleans Canal,Location,All,201 St Charles Ave,New Orleans,LA,70170,"29.9511, -90.0715","Commercial, Medallion Signature","Mon-Fri","M-F: 09:00-16:00",True,Onsite,"Louisiana, Metro"
LOC_ME_01,Augusta Capitol St,Location,All,77 Capitol St,Augusta,ME,04330,"44.3072, -69.7817","Full Service, Notary","Mon-Fri","M-F: 08:30-16:30",True,Onsite,"Maine, Capital"
LOC_ME_02,Portland Waterfront,Location,All,1 Monument Sq,Portland,ME,04101,"43.6591, -70.2568","Wealth, Safe Deposit","Mon-Fri","M-F: 09:00-17:00; Thu: 09:00-19:00",True,Onsite,"Maine, Coastal"
LOC_MD_01,Annapolis Hub,Location,All,1 Church Cir,Annapolis,MD,21401,"38.9784, -76.4922","Full Service, Notary","Mon-Fri","M-F: 09:00-17:00",True,Street Parking,"Maryland, Capital"
LOC_MD_02,Baltimore Inner Harbor,Location,All,100 S Charles St,Baltimore,MD,21201,"39.2885, -76.6139","Commercial, Wealth","Mon-Fri","M-F: 08:30-17:30",True,Onsite,"Maryland, Metro"
LOC_MA_01,Boston Financial,Location,All,100 Federal St,Boston,MA,02110,"42.3555, -71.0565","Private Banking, Commercial","Mon-Fri","M-F: 08:00-18:00",True,Onsite,"Massachusetts, Capital"
LOC_MA_02,Worcester Center,Location,All,100 Front St,Worcester,MA,01608,"42.2626, -71.8023","Notary, 24/7 ATM","Mon-Sat","M-F: 09:00-17:00; Sat: 09:00-13:00",True,Onsite,"Massachusetts, Central"
LOC_MI_01,Lansing Capitol,Location,All,124 W Allegan St,Lansing,MI,48933,"42.7335, -84.5530","Full Service, Notary","Mon-Fri","M-F: 09:00-17:00",True,Onsite,"Michigan, Capital"
LOC_MI_02,Detroit Woodward,Location,All,500 Woodward Ave,Detroit,MI,48226,"42.3314, -83.0458","Commercial, Wealth Management","Mon-Fri","M-F: 08:30-17:30; Thu: 08:30-19:00",True,Onsite,"Michigan, Metro"
LOC_MN_01,St Paul Capitol,Location,All,55 E 5th St,St Paul,MN,55101,"44.9442, -93.0931","Full Service, Notary","Mon-Fri","M-F: 09:00-17:00",True,Onsite,"Minnesota, Capital"
LOC_MN_02,Minneapolis Nicollet,Location,All,800 Nicollet Mall,Minneapolis,MN,55402,"44.9778, -93.2721","Wealth, Commercial","Mon-Sat","M-F: 08:30-18:00; Sat: 09:00-13:00",True,Onsite,"Minnesota, Metro"
LOC_MS_01,Jackson Capitol,Location,All,210 E Capitol St,Jackson,MS,39201,"32.2989, -90.1848","Full Service, Notary","Mon-Fri","M-F: 09:00-17:00",True,Onsite,"Mississippi, Capital"
LOC_MS_02,Gulfport Hub,Location,All,2501 14th St,Gulfport,MS,39501,"30.3674, -89.0928","Notary, ATM","Mon-Fri","M-F: 09:00-17:00",True,Onsite,"Mississippi, Coastal"
LOC_MO_01,Jefferson City Main,Location,All,131 E High St,Jefferson City,MO,65101,"38.5767, -92.1735","Full Service, Notary","Mon-Fri","M-F: 09:00-17:00",True,Onsite,"Missouri, Capital"
LOC_MO_02,St Louis Broadway,Location,All,100 N Broadway,St Louis,MO,63102,"38.6270, -90.1885","Wealth Management, Commercial","Mon-Sat","M-F: 08:30-18:00; Sat: 09:00-14:00",True,Onsite,"Missouri, Metro"
LOC_MT_01,Helena Capitol Center,Location,All,130 Neill Ave,Helena,MT,59601,"46.5927, -112.0361","Full Service, Notary","Mon-Fri","M-F: 09:00-17:00",True,Onsite,"Montana, Capital"
LOC_MT_02,Billings Business Hub,Location,All,208 N Broadway,Billings,MT,59101,"45.7833, -108.5007","Notary, 24/7 ATM","Mon-Fri","M-F: 08:30-17:30",True,Onsite,"Montana, Eastern"
LOC_NE_01,Lincoln State Plaza,Location,All,13th & K St,Lincoln,NE,68508,"40.8136, -96.7026","Full Service, Safe Deposit","Mon-Fri","M-F: 09:00-17:00",True,Street Parking,"Nebraska, Capital"
LOC_NE_02,Omaha Old Market,Location,All,1001 Farnam St,Omaha,NE,68102,"41.2565, -95.9285","Wealth Management, Notary","Mon-Sat","M-F: 08:30-18:00; Sat: 09:00-13:00",True,Onsite,"Nebraska, Metro"
LOC_NV_01,Carson City Main,Location,All,101 N Carson St,Carson City,NV,89701,"39.1667, -119.7667","Full Service, Notary","Mon-Fri","M-F: 09:00-17:00",True,Onsite,"Nevada, Capital"
LOC_NV_02,Las Vegas Strip Hub,Location,All,300 S 4th St,Las Vegas,NV,89101,"36.1675, -115.1439","24/7 ATM, Private Banking, Notary","Mon-Sun","M-F: 09:00-18:00; Sat: 10:00-15:00; Sun: 10:00-14:00",True,Validated Parking,"Nevada, Metro"
LOC_NH_01,Concord Capital,Location,All,143 N Main St,Concord,NH,03301,"43.2081, -71.5376","Full Service, Notary","Mon-Fri","M-F: 09:00-17:00",True,Onsite,"New Hampshire, Capital"
LOC_NH_02,Manchester Center,Location,All,1000 Elm St,Manchester,NH,03101,"42.9918, -71.4637","Mortgage Specialist, Notary","Mon-Fri","M-F: 08:30-17:30; Thu: 08:30-19:00",True,Onsite,"New Hampshire, Metro"
LOC_NJ_STATE_01,Trenton State House,Location,All,125 W State St,Trenton,NJ,08608,"40.2217, -74.7700","Full Service, Notary","Mon-Fri","M-F: 09:00-17:00",True,Onsite,"New Jersey, Capital"
LOC_NJ_STATE_02,Jersey City Financial,Location,All,10 Exchange Pl,Jersey City,NJ,07302,"40.7161, -74.0326","Wealth, Commercial Banking","Mon-Fri","M-F: 08:00-18:00",True,Onsite,"New Jersey, Gold Coast"
LOC_NM_01,Santa Fe Plaza,Location,All,100 Old Santa Fe Trail,Santa Fe,NM,87501,"35.6870, -105.9393","Full Service, Notary","Mon-Fri","M-F: 09:00-17:00",True,Street Parking,"New Mexico, Capital"
LOC_NM_02,Albuquerque Hub,Location,All,201 3rd St NW,Albuquerque,NM,87102,"35.0844, -106.6504","Notary, ATM","Mon-Sat","M-F: 08:30-17:30; Sat: 09:00-12:00",True,Onsite,"New Mexico, Metro"
LOC_NY_01,Albany State St,Location,All,69 State St,Albany,NY,12207,"42.6526, -73.7562","Full Service, Notary","Mon-Fri","M-F: 09:00-17:00",True,Onsite,"New York, Capital"
LOC_NY_02,NYC Wall Street,Location,All,1 Wall St,New York,NY,10005,"40.7074, -74.0113","Private Banking, Wealth Management","Mon-Fri","M-F: 08:00-18:00",True,Onsite,"New York, Financial"
LOC_NC_01,Raleigh Capitol Sq,Location,All,150 Fayetteville St,Raleigh,NC,27601,"35.7796, -78.6382","Full Service, Notary","Mon-Fri","M-F: 09:00-17:00",True,Onsite,"North Carolina, Capital"
LOC_NC_02,Charlotte Financial,Location,All,100 N Tryon St,Charlotte,NC,28202,"35.2271, -80.8431","Commercial, Wealth","Mon-Fri","M-F: 08:30-18:00; Thu: 08:30-20:00",True,Onsite,"North Carolina, Metro"
LOC_ND_01,Bismarck Main,Location,All,400 E Broadway Ave,Bismarck,ND,58501,"46.8083, -100.7837","Full Service, Notary","Mon-Fri","M-F: 09:00-17:00",True,Onsite,"North Dakota, Capital"
LOC_ND_02,Fargo Center,Location,All,101 Broadway N,Fargo,ND,58102,"46.8772, -96.7894","Notary, 24/7 ATM","Mon-Sat","M-F: 08:30-17:30; Sat: 09:00-12:00",True,Onsite,"North Dakota, Metro"
LOC_OH_01,Columbus Broad St,Location,All,100 E Broad St,Columbus,OH,43215,"39.9612, -82.9988","Full Service, Wealth","Mon-Fri","M-F: 09:00-17:00",True,Onsite,"Ohio, Capital"
LOC_OH_02,Cleveland Public Sq,Location,All,200 Public Sq,Cleveland,OH,44114,"41.4993, -81.6944","Commercial, Notary","Mon-Sat","M-F: 08:30-17:30; Sat: 09:00-13:00",True,Onsite,"Ohio, Metro"
LOC_OK_01,Oklahoma City Main,Location,All,100 N Broadway Ave,Oklahoma City,OK,73102,"35.4676, -97.5164","Full Service, Notary","Mon-Fri","M-F: 09:00-17:00",True,Onsite,"Oklahoma, Capital"
LOC_OK_02,Tulsa Hub,Location,All,15 E 5th St,Tulsa,OK,74103,"36.1540, -95.9928","Notary, ATM","Mon-Sat","M-F: 08:30-17:30; Sat: 09:00-12:00",True,Onsite,"Oklahoma, Metro"
LOC_OR_01,Salem Capitol,Location,All,100 High St SE,Salem,OR,97301,"44.9429, -123.0351","Full Service, Notary","Mon-Fri","M-F: 09:00-17:00",True,Onsite,"Oregon, Capital"
LOC_OR_02,Portland Pioneer,Location,All,700 SW 5th Ave,Portland,OR,97204,"45.5189, -122.6792","Wealth Management, Notary","Mon-Fri","M-F: 08:30-18:00",True,Onsite,"Oregon, Metro"
LOC_PA_01,Harrisburg Market,Location,All,2 N 2nd St,Harrisburg,PA,17101,"40.2637, -76.8808","Full Service, Notary","Mon-Fri","M-F: 09:00-17:00",True,Onsite,"Pennsylvania, Capital"
LOC_PA_02,Philadelphia Center City,Location,All,1500 Market St,Philadelphia,PA,19102,"39.9526, -75.1652","Commercial, Medallion Signature, Wealth","Mon-Fri","M-F: 08:00-18:00; Thu: 08:00-20:00",True,Onsite,"Pennsylvania, Metro"
LOC_RI_01,Providence Kennedy Plaza,Location,All,1 Financial Plaza,Providence,RI,02903,"41.8240, -71.4128","Full Service, Notary","Mon-Fri","M-F: 09:00-17:00",True,Onsite,"Rhode Island, Capital"
LOC_RI_02,Newport Wharf,Location,All,100 Thames St,Newport,RI,02840,"41.4901, -71.3128","Private Banking, Notary","Mon-Sat","M-F: 09:00-17:00; Sat: 09:00-13:00",True,Onsite,"Rhode Island, Coastal"
LOC_SC_01,Columbia Main,Location,All,1201 Main St,Columbia,SC,29201,"34.0007, -81.0348","Full Service, Notary","Mon-Fri","M-F: 09:00-17:00",True,Onsite,"South Carolina, Capital"
LOC_SC_02,Charleston Historic,Location,All,1 Broad St,Charleston,SC,29401,"32.7765, -79.9311","Wealth, Notary","Mon-Fri","M-F: 09:00-17:00",True,Street Parking,"South Carolina, Coastal"
LOC_SD_01,Pierre Capitol,Location,All,500 E Capitol Ave,Pierre,SD,57501,"44.3683, -100.3510","Full Service, Notary","Mon-Fri","M-F: 08:30-16:30",True,Onsite,"South Dakota, Capital"
LOC_SD_02,Sioux Falls Hub,Location,All,101 S Main Ave,Sioux Falls,SD,57104,"43.5446, -96.7283","Notary, ATM","Mon-Sat","M-F: 09:00-17:00; Sat: 09:00-12:00",True,Onsite,"South Dakota, Metro"
LOC_TN_01,Nashville Broadway,Location,All,511 Union St,Nashville,TN,37219,"36.1627, -86.7816","Full Service, Notary","Mon-Fri","M-F: 09:00-17:00; Thu: 09:00-19:00",True,Onsite,"Tennessee, Capital"
LOC_TN_02,Memphis Beale St Hub,Location,All,200 Beale St,Memphis,TN,38103,"35.1390, -90.0520","Mortgage Specialist, Notary","Mon-Sat","M-F: 09:00-17:00; Sat: 09:00-13:00",True,Onsite,"Tennessee, Metro"
LOC_TX_01,Austin Congress,Location,All,111 Congress Ave,Austin,TX,78701,"30.2672, -97.7431","Commercial Banking, Notary","Mon-Fri","M-F: 08:30-17:30",True,Onsite,"Texas, Capital"
LOC_TX_02,Dallas Financial Center,Location,All,1717 Main St,Dallas,TX,75201,"32.7801, -96.7970","Wealth Management, Commercial","Mon-Sat","M-F: 08:30-18:00; Sat: 09:00-14:00",True,Validated Parking,"Texas, Metro"
LOC_UT_01,SLC Temple Sq,Location,All,50 S Main St,Salt Lake City,UT,84101,"40.7608, -111.8910","Full Service, Safe Deposit","Mon-Fri","M-F: 09:00-17:00",True,Onsite,"Utah, Capital"
LOC_UT_02,Park City Resort,Location,All,1351 Lowell Ave,Park City,UT,84060,"40.6461, -111.4980","Private Banking, Wealth","Mon-Fri","M-F: 10:00-18:00",True,Onsite,"Utah, Resort"
LOC_VT_01,Montpelier State St,Location,All,100 State St,Montpelier,VT,05602,"44.2601, -72.5754","Full Service, Notary","Mon-Fri","M-F: 08:30-16:30",True,Onsite,"Vermont, Capital"
LOC_VT_02,Burlington Waterfront,Location,All,210 College St,Burlington,VT,05401,"44.4756, -73.2126","Notary, 24/7 ATM","Mon-Sat","M-F: 09:00-17:00; Sat: 09:00-12:00",True,Street Parking,"Vermont, Lakefront"
LOC_VA_01,Richmond Capitol,Location,All,800 E Main St,Richmond,VA,23219,"37.5407, -77.4360","Full Service, Notary","Mon-Fri","M-F: 09:00-17:00",True,Onsite,"Virginia, Capital"
LOC_VA_02,Arlington Rosslyn Hub,Location,All,1100 Wilson Blvd,Arlington,VA,22209,"38.8948, -77.0714","Commercial, Wealth","Mon-Sat","M-F: 08:30-18:00; Sat: 09:00-13:00",True,Onsite,"Virginia, Metro"
LOC_WA_01,Olympia Capitol Way,Location,All,402 S Capitol Way,Olympia,WA,98501,"47.0425, -122.9007","Full Service, Notary","Mon-Fri","M-F: 09:00-17:00",True,Onsite,"Washington, Capital"
LOC_WA_02,Seattle 4th Ave,Location,All,1201 4th Ave,Seattle,WA,98101,"47.6062, -122.3321","Wealth, Private Banking, Notary","Mon-Fri","M-F: 08:00-18:00",True,Onsite,"Washington, Metro"
LOC_WV_01,Charleston Capitol St,Location,All,201 Capitol St,Charleston,WV,25301,"38.3502, -81.6333","Full Service, Notary","Mon-Fri","M-F: 09:00-17:00",True,Onsite,"West Virginia, Capital"
LOC_WV_02,Morgantown Hub,Location,All,201 High St,Morgantown,WV,26505,"39.6295, -79.9559","Student Banking, Notary","Mon-Sat","M-F: 08:30-17:30; Sat: 09:00-12:00",True,Onsite,"West Virginia, Univ"
LOC_WI_01,Madison Capitol,Location,All,1 S Pinckney St,Madison,WI,53703,"43.0747, -89.3841","Full Service, Notary","Mon-Fri","M-F: 09:00-17:00",True,Onsite,"Wisconsin, Capital"
LOC_WI_02,Milwaukee Water St,Location,All,111 E Wisconsin Ave,Milwaukee,WI,53202,"43.0389, -87.9065","Commercial, Wealth","Mon-Sat","M-F: 08:30-18:00; Sat: 09:00-13:00",True,Onsite,"Wisconsin, Metro"
LOC_WY_01,Cheyenne Capitol,Location,All,200 W 24th St,Cheyenne,WY,82001,"41.1400, -104.8202","Full Service, Notary","Mon-Fri","M-F: 08:30-16:30",True,Onsite,"Wyoming, Capital"
LOC_WY_02,Jackson Hole Village,Location,All,125 W Broadway,Jackson,WY,83001,"43.4799, -110.7624","Private Banking, Wealth","Mon-Fri","M-F: 09:00-17:00",True,Onsite,"Wyoming, Resort"